id;author;text;status;created;edited
1;payment Hawaii Health;magenta Senior Refined;NEW;2021-03-30T17:19:46;2021-03-30T10:50:15
2;program Operations Delaware;cross-platform Cuban;DELETED;2021-03-30T03:03:51;2021-03-30T21:50:13
3;indigo synthesize;Plains bricks-and-clicks indexing;DELETED;2021-03-30T15:52:08;2021-03-30T17:06:48
4;PCI;port;POSTED;2021-03-30T22:23:20;2021-03-31T01:17:32
5;out-of-the-box;state Unbranded Springs;POSTED;2021-03-31T02:00:49;2021-03-30T03:02:56
6;Senior Creek;mindshare deposit;DELETED;2021-03-30T05:01:42;2021-03-30T16:04:29
7;Savings Wyoming FTP;ivory;NEW;2021-03-30T17:54:36;2021-03-30T12:54:35
8;recontextualize Operations;methodical;DELETED;2021-03-30T08:16:14;2021-03-31T01:13:55
9;back-end intermediate Borders;Pants circuit;POSTED;2021-03-30T16:57:38;2021-03-30T09:07:58
10;cross-platform Oklahoma;architectures;DELETED;2021-03-30T11:06:47;2021-03-30T11:07:37
