id;author;recepient;text;status;created;edited
1;Solutions Wooden;Borders violet feed;Pound Cheese SCSI;EDITED;2021-03-30T07:50:29;2021-03-31T00:13:48
2;Fish Computer;Indiana;engine non-volatile solid;READED;2021-03-30T04:34:54;2021-03-30T22:02:56
3;Nakfa;Outdoors Brand Creative;indigo Virginia;DELETED;2021-03-30T14:25:12;2021-03-30T23:23:57
4;Regional;Tuvalu Ergonomic;Chief;READED;2021-03-30T20:14:35;2021-03-30T07:40:15
5;Internal;Tools initiatives;Account Fish cross-media;NEW;2021-03-30T22:42:33;2021-03-30T16:17:59
6;Checking Benin white;Peso;Generic brand;READED;2021-03-31T00:43:39;2021-03-30T22:20:37
7;Towels Developer Investment;Extended;Burkina Minnesota;READED;2021-03-30T10:37:49;2021-03-30T22:41:51
8;Facilitator deposit bypass;Accounts indexing;Vermont Borders Arab;DELETED;2021-03-30T16:53:41;2021-03-30T21:32:59
9;hack Handcrafted ivory;payment;support generating;READED;2021-03-30T19:35:58;2021-03-30T11:27:26
10;driver;Security Interactions;Afghanistan invoice brand;DELETED;2021-03-31T01:57:18;2021-03-30T20:42:58
