id;project_url;description;project_name;comment;status;created;edited
1;contextually-based Alaska Fresh;Table Micronesia;Center;payment utilize Account;CLOSED;2021-03-30T05:20:00;2021-03-30T17:19:24
2;system benchmark European;redefine Keyboard;Mountain invoice;SMTP vortals revolutionary;ENDED;2021-03-31T01:03:19;2021-03-30T19:24:37
3;Licensed Beauty ROI;Prairie;neural;Central;ACTIVE;2021-03-30T14:38:43;2021-03-30T09:51:25
4;Keyboard Optional Carolina;iterate Multi-lateral Specialist;Optional firewall ADP;Ringgit Up-sized Jewelery;CLOSED;2021-03-31T01:25:03;2021-03-30T21:57:57
5;calculate back-end;program;input;actuating Corporate quantifying;ENDED;2021-03-30T08:08:45;2021-03-30T22:26:12
6;parsing;Berkshire Vision-oriented empowering;Small Pakistan Directives;bluetooth Borders;CLOSED;2021-03-30T04:12:47;2021-03-30T03:06:09
7;Corporate impactful;matrix;Metal matrix back-end;Cross-group compelling;NEW;2021-03-30T13:42:35;2021-03-30T21:44:18
8;Practical;Towels Passage blue;Prairie;District local Springs;DELETED;2021-03-30T08:54:47;2021-03-30T06:21:29
9;salmon Bedfordshire;Ball PCI Arabia;strategy black;conglomeration;ACTIVE;2021-03-30T09:47:44;2021-03-30T16:33:55
10;Handmade bypassing;Borders;Handmade Swiss;Architect;CLOSED;2021-03-30T11:06:15;2021-03-30T18:56:25
