id;author;implementer;name;text;comment;status;created;edited
1;withdrawal Avon rich;payment matrices payment;blockchains;Baby bifurcated;responsive Architect Stream;STOPED;2021-03-30T05:46:29;2021-03-30T08:25:26
2;Usability Quality proactive;Home Pizza synthesizing;optical Squares optical;Shilling Movies;Tasty Handmade Orchestrator;ENDED;2021-03-31T01:44:18;2021-03-30T21:17:52
3;Flats TCP ADP;Plastic Engineer navigate;Dynamic Technician;Legacy THX;Concrete;ACTIVE;2021-03-30T22:36:13;2021-03-30T14:26:08
4;mission-critical copying;Connecticut;Infrastructure payment Vision-oriented;Colombian Bike;Reduced GB;NEW;2021-03-30T13:37:22;2021-03-30T09:27:35
5;card collaboration to;compressing heuristic Franc;reintermediate Investor intangible;Designer coherent;Cotton;ACTIVE;2021-03-30T09:24:02;2021-03-30T07:52:48
6;Plastic;Costa Orchestrator Rupiah;withdrawal Cotton Alabama;synergize Investor Chicken;Borders orchid;DELETED;2021-03-30T06:28:36;2021-03-30T22:42:19
7;Ergonomic pixel;yellow Account;Mississippi;Unbranded;compressing silver;ENDED;2021-03-30T08:59:23;2021-03-30T16:52:32
8;bifurcated payment;Mouse digital;microchip;Washington Platinum;regional Administrator;NEW;2021-03-30T18:07:35;2021-03-31T01:45:14
9;Principal Lead success;Small National;Specialist;Frozen;Soap;ACTIVE;2021-03-30T18:21:35;2021-03-30T20:30:32
10;Dollar calculating Metal;Data Checking;Fresh;TCP;Pants quantify hacking;CLOSED;2021-03-30T23:17:15;2021-03-30T11:36:12
